id;org;name;orig_name;ext;content_type;path;file_size;created_at;created_by;modified_at;modified_by
1;62192;virtual disintermediate;multi-byte;Jewelery Metal;web-readiness Dollar SQL;circuit reintermediate hacking;54708;2022-12-09T01:18:38;plum;2022-12-08T17:14:16;Mouse Towels 제주
2;97391;Rubber synergies Buckinghamshire;Salad initiatives;mobile driver index;salmon;Frozen 전남 navigate;7813;2022-12-08T21:32:41;transparent Metal;2022-12-08T14:11:01;Clothing Tasty
3;75832;Supervisor bus;analyzer vortals leverage;Integration;directional bifurcated;Account;43745;2022-12-08T17:27:14;Facilitator GB;2022-12-08T15:48:03;Salad Handmade
4;34736;connecting;Bike orchid;iterate Computer CSS;CSS;Frozen;53161;2022-12-08T22:55:33;Bike 면;2022-12-08T06:13:45;Frozen Berkshire
5;73628;orchestration drive Herzegovina;Tasty bandwidth;Chief;경북;payment;65392;2022-12-08T16:26:27;Azerbaijan Bedfordshire;2022-12-09T01:59:44;JBOD compressing cross-platform
6;30000;Salad;mindshare 24/7;Seamless;generating;data-warehouse Sausages;35;2022-12-08T15:27:21;Division;2022-12-08T12:30:52;Peso
7;8538;Architect;solid Bedfordshire leading-edge;Cambridgeshire fuchsia;Unbranded;array 읍;45134;2022-12-09T01:13:58;Profit-focused;2022-12-09T01:08:31;Concrete
8;35279;Fantastic grid-enabled Clothing;Data;Burundi Chicken feed;Bedfordshire;GB Investor Planner;13678;2022-12-08T18:15:43;Ball pixel;2022-12-08T12:20:35;Loan Intuitive Garden
9;80479;conglomeration;Persevering;Account Switchable hacking;동 copying;redundant;46444;2022-12-09T00:30:29;Tuna;2022-12-09T02:00:05;광주 whiteboard Integration
10;11899;system 동 Regional;Cotton Qatar Persevering;Tugrik 제주;International Kenya;Practical maroon;62960;2022-12-08T06:43:52;Sausages Tuna;2022-12-09T00:12:13;invoice
