id;title;category;created_at;created_by;modified_at;modified_by
1;Solutions payment deposit;multimedia;2022-12-08T04:57:35;content;2022-12-08T13:01:18;Shirt
2;calculating edge;Consultant;2022-12-08T21:33:53;invoice Technician;2022-12-08T21:11:57;Tactics cyan France
3;dynamic Legacy Russian;unleash;2022-12-08T08:30:30;secondary compress Granite;2022-12-08T18:44:30;payment
4;Saint Bedfordshire;primary withdrawal calculating;2022-12-08T03:01:01;Intuitive Account;2022-12-08T15:23:39;SSL
5;인천 back-end;Accounts Cheese user-centric;2022-12-08T20:17:05;동 interactive Consultant;2022-12-08T03:22:33;card empowering Kids
6;cultivate Re-engineered support;동;2022-12-08T10:51:28;Product azure Metal;2022-12-08T18:34:05;service-desk
7;Avon PCI intuitive;protocol array cross-media;2022-12-08T03:14:14;Sausages eco-centric;2022-12-08T21:25:52;neural
8;IB;Sausages value-added;2022-12-08T12:27:02;data-warehouse override;2022-12-08T20:42:51;mobile Refined
9;Mouse PNG protocol;quantify Developer;2022-12-09T01:04:01;functionalities Gorgeous;2022-12-08T04:08:47;functionalities infrastructure SMTP
10;Avon 1080p structure;Liaison Loan Refined;2022-12-09T00:16:35;Right-sized Account;2022-12-08T12:33:36;payment Cotton transmitting
